iso3,iso2,name_english,i
AFG,AF,Afghanistan,004
ALB,AL,Albania,008
DZA,DZ,Algeria,012
ASM,AS,American Samoa,016
AND,AD,Andorra,020
AGO,AO,Angola,024
ATG,AG,Antigua and Barbuda,028
AZE,AZ,Azerbaijan,031
ARG,AR,Argentina,032
AUS,AU,Australia,036
AUT,AT,Austria,040
BHS,BS,Bahamas,044
BHR,BH,Bahrain,048
BGD,BD,Bangladesh,050
ARM,AM,Armenia,051
BRB,BB,Barbados,052
BEL,BE,Belgium-Luxembourg,058
BMU,BM,Bermuda,060
BTN,BT,Bhutan,064
BOL,BO,Bolivia,068
BIH,BA,Bosnia and Herzegovina,070
BRA,BR,Brazil,076
BLZ,BZ,Belize,084
IOT,IO,British Indian Ocean Territory,086
SLB,SB,Solomon Islands,090
VGB,VG,British Virgin Islands,092
BRN,BN,Brunei Darussalam,096
BGR,BG,Bulgaria,100
MMR,MM,Myanmar,104
BDI,BI,Burundi,108
BLR,BY,Belarus,112
KHM,KH,Cambodia,116
CMR,CM,Cameroon,120
CAN,CA,Canada,124
CPV,CV,Cape Verde,132
CYM,KY,Cayman Islands,136
CAF,CF,Central African Republic,140
LKA,LK,Sri Lanka,144
TCD,TD,Chad,148
CHL,CL,Chile,152
CHN,CN,China,156
CXR,CX,Christmas Island,162
CCK,CC,Cocos (Keeling) Islands,166
COL,CO,Colombia,170
COM,KM,Comoros,174
COG,CG,Congo,178
ZAR,ZR,Democratic Republic of the Congo,180
COK,CK,Cook Islands,184
CRI,CR,Costa Rica,188
HRV,HR,Croatia,191
CUB,CU,Cuba,192
CYP,CY,Cyprus,196
CZE,CZ,Czech Republic,203
BEN,BJ,Benin,204
DNK,DK,Denmark,208
DMA,DM,Dominica,212
DOM,DO,Dominican Republic,214
ECU,EC,Ecuador,218
SLV,SV,El Salvador,222
GNQ,GQ,Equatorial Guinea,226
ETH,ET,Ethiopia,231
ERI,ER,Eritrea,232
EST,EE,Estonia,233
FLK,FK,Falkland Islands (Malvinas),238
FJI,FJ,Fiji,242
FIN,FI,Finland,246
FRA,FR,France,251
PYF,PF,French Polynesia,258
ATF,TF,French Southern Antartic territories, 260
DJI,DJ,Djibouti,262
GAB,GA,Gabon,266
GEO,GE,Georgia,268
GMB,GM,Gambia,270
DEU,DE,Germany,276
GHA,GH,Ghana,288
GIB,GI,Gibraltar,292
KIR,KI,Kiribati,296
GRC,GR,Greece,300
GRL,GL,Greenland,304
GRD,GD,Grenada,308
GUM,GU,Guam,316
GTM,GT,Guatemala,320
GIN,GN,Guinea,324
GUY,GY,Guyana,328
HTI,HT,Haiti,332
HND,HN,Honduras,340
HKG,HK,Hong Kong (SARC),344
HUN,HU,Hungary,348
ISL,IS,Iceland,352
IDN,ID,Indonesia,360
IRN,IR,Iran (Islamic Republic of),364
IRQ,IQ,Iraq,368
IRL,IE,Ireland,372
ISR,IL,Israel,376
ITA,IT,Italy,381
CIV,CI,Côte d'Ivoire,384
JAM,JM,Jamaica,388
JPN,JP,Japan,392
KAZ,KZ,Kazakstan,398
JOR,JO,Jordan,400
KEN,KE,Kenya,404
PRK,KP,"Korea, North",408
KOR,KR,"Korea, South",410
KWT,KW,Kuwait,414
KGZ,KG,Kyrgyzstan,417
LAO,LA,Lao People's Democratic Republic,418
LBN,LB,Lebanon,422
LVA,LV,Latvia,428
LBR,LR,Liberia,430
LBY,LY,Libyan Arab Jamahiriya,434
LTU,LT,Lithuania,440
MAC,MO,Macau,446
MDG,MG,Madagascar,450
MWI,MW,Malawi,454
MYS,MY,Malaysia,458
MDV,MV,Maldives,462
MLI,ML,Mali,466
MLT,MT,Malta,470
MRT,MR,Mauritania,478
MUS,MU,Mauritius,480
MEX,MX,Mexico,484
TWN,TW,Taiwan,490
MNG,MN,Mongolia,496
MDA,MD,Moldova,498
MSR,MS,Montserrat,500
MAR,MA,Morocco,504
MOZ,MZ,Mozambique,508
OMN,OM,Oman,512
NRU,NR,Nauru,520
NRU,NR,Nauru,520
NPL,NP,Nepal,524
NLD,NL,Netherlands,528
ANT,AN,Netherland Antilles,530
ABW,AW,Aruba,533
NTZ,NT,Neutral Zone,536
NCL,NC,New Caledonia,540
VUT,VU,Vanuatu,548
NZL,NZ,New Zealand,554
NIC,NI,Nicaragua,558
NER,NE,Niger,562
NGA,NG,Nigeria,566
NIU,NU,Niue,570
NFK,NF,Norfolk Island,574
NOR,NO,Norway,579
MNP,MP,Northern Mariana Islands,580
FSM,FM,Micronesia (Federated States of),583
MHL,MH,Marshall Islands,584
PLW,PW,Palau,585
PAK,PK,Pakistan,586
PAN,PA,Panama,591
PNG,PG,Papua New Guinea,598
PRY,PY,Paraguay,600
PER,PE,Peru,604
PHL,PH,Philippines,608
PCN,PN,Pitcairn,612
POL,PL,Poland,616
PRT,PT,Portugal,620
GNB,GW,Guinea-Bissau,624
TMP,TP,East Timor,626
QAT,QA,Qatar,634
ROM,RO,Romania,642
RUS,RU,Russian Federation,643
RWA,RW,Rwanda,646
SHN,SH,Saint Helena,654
KNA,KN,Saint Kitts and Nevis,659
AIA,AI,Anguilla,660
LCA,LC,Saint Lucia,662
SPM,PM,St. Pierre and Miquelon,666
VCT,VC,Saint Vincent and the Grenadines,670
SMR,SM,San Marino,674
STP,ST,Sao Tome and Principe,678
SAU,SA,Saudi Arabia,682
SEN,SN,Senegal,686
SYC,SC,Seychelles,690
SLE,SL,Sierra Leone,694
IND,IN,India,699
SGP,SG,Singapore,702
SVK,,Slovakia,703
VNM,VN,Vietnam,704
SVN,,Slovenia,705
SOM,SO,Somalia,706
ZAF,ZA,South Africa,711
ZWE,ZW,Zimbabwe,716
ESP,ES,Spain,724
ESH,EH,Western Sahara,732
SDN,SD,Sudan,736
SUR,SR,Suriname,740
SWE,SE,Sweden,752
CHE,CH,Switzerland,757
SYR,SY,Syrian Arab Republic,760
TJK,TJ,Tajikistan,762
THA,TH,Thailand,764
TGO,TG,Togo,768
TKL,TK,Tokelau,772
TON,TO,Tonga,776
TTO,TT,Trinidad and Tobago,780
ARE,AE,United Arab Emirates,784
TUN,TN,Tunisia,788
TUR,TR,Turkey,792
TKM,TM,Turkmenistan,795
TCA,TC,Turks and Caicos Islands,796
TUV,TV,Tuvalu,798
UGA,UG,Uganda,800
UKR,UA,Ukraine,804
EGY,EG,Egypt,818
GBR,GB,United Kingdom,826
TZA,TZ,Tanzania, 834
USA,US,United States of America,842
UMI,UM,United States Minor Outlying Islands,849
BFA,BF,Burkina Faso,854
URY,UY,Uruguay,858
UZB,UZ,Uzbekistan,860
VEN,VE,Venezuela,862
WLF,WF,Wallis and Futuna,876
WSM,WS,Samoa,882
YEM,YE,Yemen,887
YUG,YU,Yugoslavia,891
ZMB,ZM,Zambia,894
